,transaction_id,account_id,transaction_type,transaction_date,amount,description
0,0,135,Transfer,2024-03-23,6127,Price scene agent since time suddenly staff want.
1,1,36,Deposit,2024-04-21,9529,Most quite rest choose.
2,2,70,Withdrawal,2023-08-06,2002,Security become down magazine first.
3,3,190,Transfer,2023-10-18,1615,Miss yourself win blue thank author.
4,4,31,Withdrawal,2024-03-01,5720,Management southern career role success attack nation.
5,5,5,Withdrawal,2023-10-27,4945,Hear card sense view plant they.
6,6,99,Withdrawal,2024-06-18,3063,Know threat against land agreement.
7,7,47,Withdrawal,2023-07-30,2187,Likely see like property improve owner should.
8,8,62,Withdrawal,2024-03-27,9236,Tend fall perhaps theory operation.
9,9,49,Transfer,2024-04-12,7589,Fish end create.
10,10,140,Withdrawal,2023-11-28,6366,Computer scene sound medical down question of.
11,11,4,Deposit,2023-11-09,3273,Kid grow conference country take.
12,12,136,Deposit,2024-01-29,9053,Along believe with own real station behind.
13,13,8,Deposit,2023-08-14,681,Us seat choose similar.
14,14,139,Withdrawal,2023-11-28,177,Send camera cover.
15,15,52,Deposit,2023-12-20,9763,Painting site may note.
16,16,28,Withdrawal,2024-03-05,2038,Store step hear.
17,17,169,Withdrawal,2023-10-24,325,School hospital simply agree social.
18,18,179,Deposit,2023-08-16,2245,Old treatment knowledge central education loss free.
19,19,79,Transfer,2023-09-04,5761,However sit able final agreement.
20,20,34,Deposit,2023-08-26,9360,Similar hospital score direction support large environment.
21,21,25,Deposit,2023-09-30,7310,Professional themselves list rather strategy.
22,22,191,Deposit,2023-10-05,9220,Shake maybe forget shake commercial skill.
23,23,40,Withdrawal,2023-12-04,4696,Place leader century run.
24,24,143,Withdrawal,2023-12-30,1667,Fill green officer early.
25,25,161,Deposit,2023-10-13,2400,Scientist peace future hospital green again.
26,26,141,Deposit,2024-04-11,2463,It left stuff scene.
27,27,124,Deposit,2023-07-14,2993,Or health sit with it property.
28,28,43,Deposit,2023-07-12,8099,Leader these poor campaign.
29,29,175,Deposit,2023-12-28,7276,Number daughter measure none effect.
30,30,124,Transfer,2024-04-06,1401,Enjoy foreign care course.
31,31,57,Withdrawal,2024-05-29,8152,Factor these and card throw spring set talk.
32,32,178,Transfer,2023-11-12,9911,Society thus sea western.
33,33,68,Withdrawal,2023-09-26,1720,Together activity yet.
34,34,67,Transfer,2023-09-13,1809,Agency her task baby nice major.
35,35,21,Withdrawal,2024-02-15,6795,Success enjoy decision development certainly he.
36,36,68,Transfer,2023-10-30,4336,As near natural sort.
37,37,61,Withdrawal,2023-09-23,3015,Lose black hear several so life begin nature.
38,38,167,Transfer,2023-10-29,3803,Each degree idea conference experience.
39,39,89,Transfer,2024-02-04,9540,Every various final standard message performance situation whatever.
40,40,80,Transfer,2023-07-19,3940,Fall when we president onto draw high church.
41,41,18,Deposit,2024-04-19,9302,Kind team whatever lose once foot late.
42,42,191,Transfer,2023-08-30,5133,Consumer set oil us end move.
43,43,71,Withdrawal,2023-07-27,6599,Positive unit hear represent stop list.
44,44,168,Transfer,2024-04-13,9147,Culture candidate subject play quality.
45,45,152,Withdrawal,2024-02-13,4219,Cause buy peace low real.
46,46,62,Transfer,2023-10-19,8084,Talk brother information.
47,47,17,Transfer,2024-06-15,9608,To that south if true investment responsibility.
48,48,193,Withdrawal,2024-03-14,9424,Prove war beat reflect.
49,49,65,Withdrawal,2023-07-30,7816,Listen least cup upon someone yes interesting.
50,50,13,Withdrawal,2024-02-28,8867,Life piece wind total stage truth.
51,51,36,Withdrawal,2023-08-06,1254,Lose wait return fill Congress instead computer.
52,52,137,Deposit,2024-06-18,7227,Bag practice third father participant front lawyer.
53,53,0,Transfer,2023-08-20,6959,Position business rich while.
54,54,46,Deposit,2023-09-19,1590,Whose smile soldier true trouble.
55,55,197,Deposit,2024-06-27,9941,Reality participant war camera million play modern.
56,56,166,Transfer,2023-07-22,2314,Address candidate face care feel religious age describe.
57,57,148,Transfer,2024-04-27,7183,Must crime man if.
58,58,106,Transfer,2023-09-22,7032,From good relationship mention little.
59,59,8,Transfer,2023-09-01,1557,Produce buy best now factor.
60,60,57,Deposit,2023-08-01,4031,But walk camera all.
61,61,194,Withdrawal,2023-12-04,8524,Time at use fall seek loss share consider.
62,62,194,Withdrawal,2023-11-29,7498,Line total already against magazine student sense.
63,63,179,Deposit,2024-06-11,3415,Green machine much many you behind rule.
64,64,51,Withdrawal,2024-02-24,5826,Different management note conference nearly order.
65,65,91,Deposit,2024-03-12,3650,And teach word.
66,66,86,Deposit,2024-04-08,6467,Wind safe send billion discuss watch.
67,67,187,Deposit,2023-08-15,2883,Ahead several walk second ahead.
68,68,37,Deposit,2023-10-07,9508,Your really spend field not exist either.
69,69,77,Deposit,2024-06-24,4617,Keep which expect player carry religious.
70,70,171,Withdrawal,2024-03-18,2525,Loss factor subject ready.
71,71,53,Deposit,2023-11-06,488,Challenge organization fire it.
72,72,48,Deposit,2024-04-15,8327,Collection clearly when democratic director.
73,73,87,Deposit,2023-08-24,5518,Grow data clear child.
74,74,80,Deposit,2024-06-15,215,Job structure particularly top rich during deal authority.
75,75,192,Deposit,2023-10-30,7673,Benefit itself them natural born follow.
76,76,76,Transfer,2024-02-07,163,Yourself level daughter trial heavy late.
77,77,158,Transfer,2023-09-25,4856,Around recent market about day claim last.
78,78,145,Withdrawal,2024-04-26,3342,This mother enter edge state.
79,79,4,Deposit,2023-12-16,1438,Way million general customer change shake site guy.
80,80,158,Transfer,2024-05-05,5124,Charge administration according personal order everybody design.
81,81,58,Transfer,2024-02-14,9362,Let remember capital include they seek within.
82,82,31,Deposit,2024-05-19,5486,Bad reflect little really theory air draw have.
83,83,129,Transfer,2024-06-29,5522,Subject alone wish character under.
84,84,48,Transfer,2024-02-27,6428,By measure stand begin.
85,85,169,Withdrawal,2024-03-24,4807,Scientist southern deal data begin sound tax.
86,86,67,Transfer,2024-02-17,7301,Begin must call suddenly remain us.
87,87,6,Withdrawal,2024-02-01,6083,Better visit less well cold prove.
88,88,19,Withdrawal,2024-07-08,271,Two free I beyond time buy.
89,89,24,Deposit,2024-01-27,7732,Dinner its hour focus technology.
90,90,142,Withdrawal,2024-04-21,6885,Seek fact general century TV.
91,91,109,Transfer,2023-08-10,2398,Way drug ten admit someone shake.
92,92,41,Transfer,2024-02-20,8258,Bad smile here kind.
93,93,154,Transfer,2023-11-23,7003,Group else network.
94,94,23,Withdrawal,2023-10-13,3611,Give entire leave could at consumer.
95,95,179,Withdrawal,2023-07-19,4268,Lawyer not ago hot beautiful assume real.
96,96,30,Deposit,2024-04-12,7533,Important technology worry still good million cup.
97,97,110,Transfer,2024-01-11,3423,Our might physical training recent ball.
98,98,168,Transfer,2024-04-24,2234,Bit significant nothing skin by question air.
99,99,23,Deposit,2023-07-18,5948,Response apply computer team American wall important.
100,100,58,Transfer,2023-08-16,6850,Weight total wear may.
101,101,142,Withdrawal,2023-08-14,2430,Probably hear against plan specific fund middle.
102,102,176,Withdrawal,2023-09-09,9198,Least realize cover hope despite right.
103,103,52,Transfer,2024-04-06,2522,Scientist democratic local drive game kind value eat.
104,104,37,Transfer,2023-11-19,4118,Before grow language him.
105,105,110,Transfer,2024-04-04,2534,Successful person because family race check national.
106,106,178,Transfer,2023-08-05,6123,Mind service could attorney ahead.
107,107,162,Withdrawal,2024-05-14,9859,Night minute member.
108,108,79,Deposit,2023-12-25,7394,News set myself true could different.
109,109,28,Transfer,2024-04-23,8269,Capital huge guy part radio easy central.
110,110,158,Deposit,2024-02-15,9346,Difficult officer see both possible machine team whether.
111,111,35,Deposit,2024-01-17,6623,Open likely question coach win collection which than.
112,112,3,Transfer,2024-01-14,6390,Growth sister first we.
113,113,146,Deposit,2024-06-13,8302,Same which stay thought outside treat evidence.
114,114,18,Transfer,2024-02-21,1363,Over nearly protect themselves south on stuff ever.
115,115,121,Transfer,2024-03-04,5761,Data need far set forward PM onto.
116,116,5,Transfer,2023-10-22,1248,Group situation open to art change agree.
117,117,17,Withdrawal,2023-08-02,9362,Condition lead institution and east his plan life.
118,118,90,Deposit,2024-03-14,429,Every know phone president last start.
119,119,175,Transfer,2024-06-24,1554,Suffer since affect relationship bill rate maintain.
120,120,36,Deposit,2023-09-12,8033,System line least need especially.
121,121,138,Deposit,2024-02-14,3736,Student hospital central together thus study.
122,122,185,Deposit,2023-11-03,8561,Road but serious the mother night.
123,123,76,Withdrawal,2023-09-21,3950,Investment outside explain.
124,124,65,Withdrawal,2024-05-08,8416,Window fear until else Republican expect.
125,125,79,Deposit,2024-06-06,8055,Someone page resource partner someone.
126,126,156,Transfer,2024-05-02,9374,Doctor her total focus.
127,127,192,Deposit,2023-10-19,1023,Lay just fall discuss blue.
128,128,88,Deposit,2024-04-19,2301,Position significant life foot.
129,129,115,Withdrawal,2024-02-16,8581,Pattern bad hundred why recognize.
130,130,46,Deposit,2024-02-23,9859,Account yet argue bit and.
131,131,33,Withdrawal,2024-01-23,6106,Drug main early culture.
132,132,163,Withdrawal,2024-02-26,8919,Ball I visit defense every.
133,133,74,Transfer,2023-11-17,7502,Strategy arrive spring.
134,134,3,Deposit,2023-10-12,5750,Thank glass national car.
135,135,128,Transfer,2024-01-18,849,Against answer lay again.
136,136,146,Deposit,2024-05-24,6222,After firm picture adult.
137,137,102,Deposit,2024-06-09,6981,Something successful consumer understand difference manager charge.
138,138,139,Transfer,2024-02-06,351,Security away carry girl building.
139,139,183,Withdrawal,2024-06-09,424,Edge here gun safe effort.
140,140,152,Deposit,2023-12-31,2837,Today affect challenge idea our star.
141,141,105,Withdrawal,2023-12-27,2992,Else win sound.
142,142,165,Transfer,2023-10-20,2088,Can heart after skin fine without.
143,143,148,Withdrawal,2023-07-19,389,Mother responsibility quite general art rule story product.
144,144,21,Withdrawal,2023-09-13,5469,Defense test fear nature outside free analysis.
145,145,30,Deposit,2023-10-27,9089,Word ball kid where debate government.
146,146,6,Withdrawal,2023-09-13,1526,Myself on success this recently.
147,147,41,Deposit,2023-07-22,2717,Really cost wear large move today speech.
148,148,70,Transfer,2024-02-06,8411,Ball long window amount.
149,149,33,Deposit,2023-08-28,7667,Trip enough arrive nothing.
150,150,111,Withdrawal,2024-05-03,5466,Can follow how bring their.
151,151,3,Deposit,2023-11-12,3371,Middle chance buy fall.
152,152,72,Transfer,2024-03-11,2288,Always newspaper certainly.
153,153,53,Withdrawal,2023-09-13,6288,Right early offer pick cause together save.
154,154,176,Transfer,2023-09-20,2336,Me pressure choice better production impact specific.
155,155,179,Withdrawal,2024-06-19,7968,Part but lose development line.
156,156,43,Deposit,2023-09-07,785,Pressure task discover.
157,157,4,Withdrawal,2023-09-16,8679,Minute table soon kid rate.
158,158,127,Deposit,2024-03-06,2161,Ten middle though home.
159,159,179,Deposit,2023-07-24,1974,Make open type future.
160,160,77,Deposit,2023-09-04,5585,Small word hit however type along home from.
161,161,66,Deposit,2023-08-25,7983,Write mean require floor indicate anything guess white.
162,162,138,Deposit,2023-09-06,6544,Today student after account prove news cost.
163,163,122,Transfer,2023-11-25,3296,Any bank pass.
164,164,53,Withdrawal,2024-04-18,8563,Still from table here stock then fight.
165,165,66,Withdrawal,2024-06-02,5608,Member music detail way line bed.
166,166,101,Transfer,2024-02-06,6448,Huge PM magazine.
167,167,113,Withdrawal,2024-04-19,7492,May firm thank easy.
168,168,86,Deposit,2024-02-14,5326,Argue former especially.
169,169,17,Deposit,2023-08-15,9113,I father billion too behavior space wrong.
170,170,66,Deposit,2024-01-02,9395,Decade more dinner section tonight.
171,171,140,Deposit,2024-05-05,4908,Room state wonder want ability board defense leg.
172,172,142,Withdrawal,2023-07-16,9932,Respond along investment task.
173,173,70,Transfer,2024-04-28,720,Lose bar statement everybody majority program.
174,174,170,Deposit,2024-04-11,3214,Seven table movie none analysis able.
175,175,18,Transfer,2024-04-29,766,Mean protect could room.
176,176,83,Withdrawal,2024-06-07,9965,Themselves watch picture free manager group.
177,177,80,Deposit,2024-06-28,7219,Eight question recent art sense staff.
178,178,145,Withdrawal,2023-12-02,8949,Agree Mr growth teacher government raise peace.
179,179,122,Withdrawal,2024-04-18,3938,Talk story material later.
180,180,20,Withdrawal,2023-09-07,4057,Finally apply check assume.
181,181,144,Deposit,2024-06-30,4235,Congress stuff morning consider Mrs.
182,182,39,Deposit,2024-02-15,6050,Word mind create concern phone.
183,183,36,Transfer,2023-09-19,1187,Responsibility service easy message away miss mean.
184,184,191,Transfer,2023-07-18,4733,Trade teacher store speak carry tend.
185,185,144,Transfer,2024-01-21,6771,Small several position trade issue each.
186,186,24,Withdrawal,2024-02-02,2759,Lot central stage upon medical.
187,187,62,Transfer,2024-05-05,6480,Series fall current college standard cultural.
188,188,178,Withdrawal,2024-02-23,5161,Plant what list future upon check.
189,189,19,Deposit,2023-08-08,1035,Read else stand film child hope can.
190,190,48,Withdrawal,2024-02-20,7274,Whose clearly behind us usually name coach.
191,191,192,Transfer,2024-01-01,5840,Hotel night respond edge board need voice.
192,192,152,Withdrawal,2023-07-26,6332,Write remember join.
193,193,0,Deposit,2023-10-27,7248,Tax from series Congress maybe receive.
194,194,3,Transfer,2024-06-13,5120,Memory economic to sign both attorney lead.
195,195,58,Withdrawal,2024-03-28,4107,Head after society right.
196,196,198,Transfer,2023-12-21,4572,Theory black east although.
197,197,86,Transfer,2024-02-03,8033,Past write box a power employee.
198,198,104,Deposit,2024-05-01,6068,Seat of production development laugh region.
199,199,155,Deposit,2024-04-02,686,Soldier be rate although admit end figure as.
200,200,169,Deposit,2024-06-18,3747,About order analysis go.
201,201,41,Transfer,2023-08-30,8741,Miss far when.
202,202,29,Deposit,2023-11-07,9511,Catch resource movement after animal happen its.
203,203,135,Deposit,2024-03-30,9940,Writer first yes food up six.
204,204,2,Deposit,2024-05-29,1330,Manage south TV worker force mention form.
205,205,84,Withdrawal,2023-09-08,1478,Maintain minute foreign modern.
206,206,31,Transfer,2023-12-14,6344,Unit speech well determine.
207,207,97,Deposit,2023-12-22,1263,Ball trade prepare action seek happen others stock.
208,208,125,Deposit,2023-10-30,5908,Accept pick will car win major leave phone.
209,209,78,Deposit,2023-12-29,8677,Art newspaper you father figure.
210,210,71,Transfer,2023-09-22,520,The catch miss market.
211,211,198,Transfer,2024-04-11,8650,Sit security win.
212,212,26,Deposit,2024-03-26,861,World ever something building.
213,213,133,Transfer,2024-03-10,4733,Act pretty draw meeting.
214,214,109,Deposit,2023-09-13,425,Situation stage nation cup.
215,215,53,Deposit,2024-03-08,6726,Pretty tend modern knowledge budget learn.
216,216,113,Transfer,2024-02-08,6500,Matter truth newspaper grow.
217,217,46,Transfer,2023-11-06,1306,Already owner building really technology our.
218,218,49,Deposit,2024-06-05,2292,Improve I individual reality.
219,219,108,Withdrawal,2024-07-07,655,Too fast establish explain race.
220,220,180,Withdrawal,2024-07-07,8427,Where these church discover few.
221,221,49,Withdrawal,2024-04-10,6902,Serve as quickly story.
222,222,143,Withdrawal,2024-01-20,9037,Happy reason politics history reality face far if.
223,223,178,Withdrawal,2023-10-30,8154,Expert step instead side show.
224,224,127,Transfer,2024-05-30,1483,Generation hit choice quickly learn.
225,225,178,Withdrawal,2024-01-21,7289,Because hundred everyone.
226,226,41,Withdrawal,2024-02-24,7425,Language majority interview upon very western source technology.
227,227,182,Deposit,2024-03-06,3908,Life hospital before civil music report hit.
228,228,98,Deposit,2024-02-23,2404,Fine establish administration certainly father share final.
229,229,73,Deposit,2024-05-11,6511,Since anything last trial someone size civil.
230,230,112,Withdrawal,2023-07-30,9992,Accept man their very speech nation tend.
231,231,196,Deposit,2023-09-26,2726,Fall rise nation school.
232,232,44,Transfer,2023-07-24,1235,Real family forget describe.
233,233,87,Deposit,2024-04-18,8458,Create today American reveal our time.
234,234,110,Withdrawal,2023-10-26,1785,Third wide chair partner suffer.
235,235,81,Deposit,2023-10-27,3517,Similar instead born.
236,236,33,Deposit,2024-05-04,740,Them discussion executive option small alone ability.
237,237,146,Deposit,2024-06-14,1352,Room already course room level.
238,238,58,Withdrawal,2023-10-28,4705,Against again go rock clear.
239,239,142,Withdrawal,2023-11-30,1234,Pay next consider tonight vote wall fall.
240,240,174,Withdrawal,2024-07-04,9768,Pass certain about civil particularly.
241,241,192,Transfer,2024-04-11,4438,Local generation would cut unit able fine out.
242,242,162,Withdrawal,2023-09-06,6913,Although draw only type.
243,243,87,Withdrawal,2023-10-31,9508,Nation maintain stage myself wrong.
244,244,131,Deposit,2024-05-31,4504,Student full weight term management.
245,245,153,Deposit,2024-01-14,1263,Buy mean certain our.
246,246,54,Deposit,2024-03-25,2641,Drug how responsibility argue middle else.
247,247,37,Deposit,2023-07-19,241,Light mission last I.
248,248,105,Withdrawal,2024-04-18,8665,Claim physical call.
249,249,114,Withdrawal,2023-09-25,501,Available program push.
250,250,128,Withdrawal,2023-08-09,5238,Agreement drive land too.
251,251,114,Deposit,2023-10-11,9954,Happy make education industry laugh.
252,252,71,Withdrawal,2023-12-02,4052,Time five central reveal wide image save.
253,253,112,Transfer,2023-12-26,3076,Body avoid nature.
254,254,114,Transfer,2024-05-07,4631,Have degree would election.
255,255,115,Deposit,2024-04-17,4307,Yet rather business save white market daughter evidence.
256,256,90,Transfer,2024-01-22,2713,Investment voice special training.
257,257,63,Withdrawal,2023-07-17,7924,Popular second similar wall seven.
258,258,87,Withdrawal,2023-07-30,8716,Blood plant admit everybody design share.
259,259,30,Deposit,2024-02-10,7941,Purpose bar while easy.
260,260,67,Transfer,2023-12-22,9501,Sense girl reveal.
261,261,11,Transfer,2024-04-21,8333,Full worry American.
262,262,121,Withdrawal,2024-02-03,4074,Action clearly program minute story.
263,263,99,Deposit,2024-05-22,8275,Special Republican always visit never.
264,264,80,Deposit,2023-09-02,9138,Factor stop marriage artist area.
265,265,171,Transfer,2023-11-22,6977,Four population show stuff.
266,266,125,Deposit,2023-11-15,2577,Executive cause enough thank could player us.
267,267,114,Transfer,2024-06-14,2778,Paper south represent news church hour green.
268,268,177,Withdrawal,2023-10-17,6218,Life science box fall though.
269,269,192,Withdrawal,2024-01-12,3291,Store various economic see.
270,270,157,Withdrawal,2023-12-21,8912,Service production attention about begin site.
271,271,16,Transfer,2023-12-06,6696,Care be hope a thank artist exist.
272,272,129,Withdrawal,2023-10-28,9831,The dream production.
273,273,86,Transfer,2024-05-02,1182,Summer machine later traditional.
274,274,120,Withdrawal,2023-08-12,9127,Total assume recently Democrat your change.
275,275,95,Transfer,2024-01-10,6261,Leg himself operation bank.
276,276,118,Deposit,2023-09-23,6589,Chance single board billion effort door.
277,277,114,Deposit,2023-12-25,7634,Society center special idea positive indeed newspaper.
278,278,141,Transfer,2023-07-26,2480,Recently name spring impact.
279,279,101,Transfer,2024-06-14,6184,Answer note safe movie.
280,280,192,Withdrawal,2024-04-17,504,Particularly employee above item.
281,281,169,Deposit,2023-11-18,6142,Term open many apply rule.
282,282,45,Withdrawal,2023-07-30,1243,Yet seven leg return national memory.
283,283,112,Transfer,2023-07-26,2977,Course thought total.
284,284,83,Withdrawal,2023-08-19,6944,Gas couple simple toward author evening.
285,285,38,Transfer,2023-09-10,9829,Quickly expert sit raise most Democrat.
286,286,93,Deposit,2023-10-16,5793,Program tend machine rule dinner sea business street.
287,287,116,Deposit,2024-01-02,2578,Month cultural charge whom officer why produce.
288,288,97,Transfer,2023-10-17,4040,Return day network between court none bed include.
289,289,115,Withdrawal,2023-08-15,7600,General rate friend capital scene.
290,290,130,Transfer,2023-09-05,1202,Health join protect senior mouth.
291,291,89,Deposit,2024-02-17,7570,Mr check floor certainly small cell mind.
292,292,95,Withdrawal,2024-06-18,155,Learn office medical reach who election.
293,293,143,Transfer,2024-06-07,9232,Somebody memory support power like gas later.
294,294,41,Transfer,2024-04-03,8002,Stay again key charge hand subject.
295,295,12,Deposit,2024-02-24,2299,Time culture gas task range.
296,296,14,Withdrawal,2024-02-02,483,Few impact number.
297,297,114,Deposit,2023-11-24,3803,Almost upon culture sell.
298,298,171,Deposit,2024-03-24,6661,Daughter human do.
299,299,46,Deposit,2023-09-25,3476,Explain month red compare.
300,300,94,Deposit,2023-08-25,6815,Education current loss.
301,301,162,Withdrawal,2023-07-21,752,Security whom production house she ball operation.
302,302,99,Deposit,2024-03-21,4399,Simply we toward organization news participant.
303,303,156,Transfer,2024-02-04,7636,Until radio teacher drop age lawyer quickly.
304,304,177,Withdrawal,2024-04-16,1321,Blue participant west wide.
305,305,107,Deposit,2024-03-06,7159,Answer visit admit require wrong full.
306,306,141,Transfer,2023-10-29,8919,Them chance of per.
307,307,2,Deposit,2024-03-01,3113,Through notice interview.
308,308,80,Deposit,2023-09-13,3441,Once yeah bag national painting rate.
309,309,80,Transfer,2024-04-08,7677,Although relationship focus modern.
310,310,24,Deposit,2023-09-12,8006,Hospital step yeah reality since admit our.
311,311,60,Withdrawal,2023-08-12,1796,Course push floor one late pattern.
312,312,91,Deposit,2024-03-29,2484,Fill simply bank probably large try write.
313,313,57,Withdrawal,2024-05-07,9122,Individual billion part military high image activity.
314,314,54,Deposit,2023-09-24,4666,Young free another today physical could process.
315,315,62,Withdrawal,2023-08-06,2666,Fall why speech.
316,316,101,Withdrawal,2024-03-19,214,All wall daughter big notice white increase.
317,317,117,Withdrawal,2024-01-18,4636,Fine left fill tonight next hot them hotel.
318,318,66,Transfer,2024-06-15,9345,American break staff friend.
319,319,155,Withdrawal,2023-12-08,7204,Break friend ten through eye picture lay peace.
320,320,168,Withdrawal,2023-09-26,3109,Stuff nothing certain somebody far east.
321,321,24,Transfer,2023-08-12,5356,Particularly education age.
322,322,122,Transfer,2023-12-02,8478,Everyone either result natural.
323,323,0,Deposit,2024-02-02,4784,Letter main scientist woman address relate.
324,324,9,Deposit,2023-08-31,9169,Car single chance choice people purpose watch.
325,325,29,Deposit,2023-08-22,5195,What religious believe light take attack many.
326,326,71,Transfer,2023-11-15,3524,Bag my tell east career.
327,327,178,Withdrawal,2024-01-15,7593,College benefit never or expert.
328,328,30,Withdrawal,2024-04-13,4688,Cut help recent great far kid stock.
329,329,19,Withdrawal,2024-06-27,8014,Star son at discuss skill compare hold health.
330,330,101,Transfer,2024-06-26,2283,Pick writer allow anything difficult stand billion.
331,331,69,Deposit,2024-05-20,5622,One itself you rock could herself.
332,332,198,Withdrawal,2024-01-18,6323,Finish safe show school with girl.
333,333,89,Withdrawal,2024-04-14,1475,Difference network clear.
334,334,0,Transfer,2023-11-11,6412,Century lose conference baby speak despite coach.
335,335,125,Transfer,2023-12-11,1419,Doctor exactly never room also town.
336,336,176,Withdrawal,2023-11-17,2436,Value leg tell little religious production.
337,337,131,Deposit,2023-08-04,1048,Kind wrong able western meeting away.
338,338,198,Transfer,2023-09-17,154,Nearly interesting series parent military both.
339,339,164,Transfer,2023-08-22,9089,Society else from specific pass building.
340,340,174,Transfer,2024-02-23,4155,Lot allow adult without decide true sort.
341,341,16,Withdrawal,2024-05-16,8557,Different turn school behavior value specific could.
342,342,7,Withdrawal,2024-02-07,5968,Win task scene executive us we perhaps Mr.
343,343,6,Transfer,2024-03-18,376,Church write parent public fire eight.
344,344,116,Deposit,2024-04-24,5130,Glass and name.
345,345,55,Withdrawal,2023-07-22,682,Myself every score.
346,346,81,Withdrawal,2024-05-13,9751,Training others six which.
347,347,45,Transfer,2023-08-11,7196,Those one about choose child time.
348,348,162,Transfer,2024-03-30,3456,Central type race across bar.
349,349,9,Withdrawal,2024-06-16,3542,Fall west lot program thank especially.
350,350,184,Transfer,2024-01-03,5126,House hundred if avoid chair actually.
351,351,35,Transfer,2023-11-10,3593,Area test answer assume often possible.
352,352,189,Withdrawal,2024-01-15,1976,Visit drug trade election responsibility.
353,353,198,Transfer,2023-10-27,1532,Buy student I state.
354,354,85,Withdrawal,2023-07-31,4566,Important owner especially.
355,355,49,Transfer,2023-12-30,8519,Black suddenly impact hold.
356,356,177,Withdrawal,2024-06-24,1162,Employee manage Congress Congress commercial perform choose.
357,357,79,Transfer,2023-07-22,1965,Thank treat them.
358,358,136,Transfer,2024-04-17,5306,Your theory beat it senior.
359,359,196,Deposit,2023-10-29,1481,Know early dark leave work significant for.
360,360,32,Withdrawal,2024-04-05,9866,Series although central.
361,361,90,Transfer,2023-10-08,8449,Over born skin respond join.
362,362,172,Transfer,2024-04-14,466,Term difficult work either stuff because choose.
363,363,71,Deposit,2024-04-29,3052,Move fall concern well woman move pick.
364,364,165,Transfer,2023-10-15,3949,Whom issue also them shoulder authority provide.
365,365,9,Transfer,2023-09-13,6332,Use game wide community save imagine.
366,366,11,Deposit,2023-08-15,8645,Discover whatever total responsibility from customer win.
367,367,165,Withdrawal,2024-01-31,9478,Bit involve training likely total degree society.
368,368,100,Withdrawal,2024-01-07,5057,Daughter computer read cell follow year.
369,369,122,Transfer,2024-01-04,6927,Prepare various fill institution range drug program off.
370,370,48,Deposit,2024-03-12,2103,Condition stuff floor market two beyond avoid.
371,371,101,Deposit,2023-08-04,1203,Ability response so system example focus there it.
372,372,83,Withdrawal,2023-10-18,8533,Pm list perform last standard picture bad.
373,373,71,Transfer,2023-08-19,7194,Attorney politics common conference.
374,374,183,Deposit,2024-07-01,5629,Million billion put particularly.
375,375,58,Deposit,2024-04-01,2377,Their world this few.
376,376,166,Deposit,2024-01-08,5312,Cell account detail recent energy thousand black.
377,377,100,Transfer,2023-10-15,7817,Somebody city cause develop property.
378,378,38,Deposit,2024-02-12,4805,Race skill course detail threat approach respond surface.
379,379,71,Withdrawal,2023-10-10,1456,Organization minute worry of entire charge day.
380,380,37,Withdrawal,2023-11-01,1262,Resource fight final energy.
381,381,165,Deposit,2024-03-03,9055,Note allow crime bit.
382,382,13,Deposit,2023-07-17,7988,Night use identify positive.
383,383,144,Transfer,2023-07-27,4659,Happen risk someone personal.
384,384,106,Withdrawal,2023-08-07,3228,Federal stand common not white.
385,385,198,Deposit,2024-06-27,9331,Word subject here word.
386,386,142,Transfer,2023-09-04,704,Early tax personal rest term trade budget.
387,387,17,Withdrawal,2024-01-11,4620,Market teach car main tough.
388,388,197,Transfer,2024-05-18,4162,Reach structure rate water big.
389,389,100,Deposit,2024-01-02,3992,Long between rather bill car popular.
390,390,185,Transfer,2023-11-08,6951,Ahead report else.
391,391,42,Withdrawal,2023-08-02,3161,Late sound strong rate bring eye.
392,392,85,Transfer,2024-02-16,4292,Window chair father sing.
393,393,181,Transfer,2023-10-08,8608,Range main blood mention reduce realize.
394,394,23,Withdrawal,2023-10-05,4230,Most young upon use.
395,395,85,Withdrawal,2024-04-25,7467,Thought century civil serve among life.
396,396,31,Withdrawal,2024-04-14,1481,Board report up effect bar yeah.
397,397,167,Deposit,2023-10-12,2463,Act different other test character production.
398,398,101,Withdrawal,2023-08-25,1744,Goal worry treat imagine position general live.
399,399,121,Withdrawal,2023-09-22,476,Medical teacher may final director street far try.
400,400,23,Transfer,2023-07-27,8331,Seem drug interest class party.
401,401,161,Deposit,2023-10-27,1549,Issue own fact together officer part manager most.
402,402,155,Transfer,2023-09-18,2275,Total ground expect space clearly.
403,403,13,Deposit,2023-08-15,722,Term plan stage account wish end line.
404,404,51,Withdrawal,2024-01-16,2099,Tough PM middle none plan none meet maybe.
405,405,142,Withdrawal,2023-12-10,5251,Why charge city resource table.
406,406,23,Deposit,2024-05-26,2482,Before moment director project black treat.
407,407,152,Deposit,2023-09-06,5105,Teach under check late.
408,408,15,Deposit,2024-06-27,6038,Third decade coach product.
409,409,158,Deposit,2024-06-22,3361,Hold old economy.
410,410,153,Deposit,2024-05-15,8794,Even must land agency writer about.
411,411,188,Deposit,2024-03-08,3902,Beautiful wonder budget partner partner crime.
412,412,81,Withdrawal,2024-05-20,5931,Machine group describe theory product foot million.
413,413,87,Deposit,2023-07-17,9228,Defense could return make eight.
414,414,101,Transfer,2024-05-19,5750,Prove number economy list common.
415,415,15,Transfer,2024-05-15,6630,Serious anything seat film.
416,416,51,Withdrawal,2024-05-05,4193,Bag enjoy man care around senior campaign.
417,417,104,Withdrawal,2024-02-12,810,Study each tonight blue.
418,418,64,Withdrawal,2024-03-31,9568,Outside who group financial mention.
419,419,115,Transfer,2023-11-21,1180,Stand type back analysis participant.
420,420,66,Withdrawal,2024-04-24,1760,Break like outside color life green over.
421,421,0,Withdrawal,2023-08-14,137,Long special also front office accept detail television.
422,422,80,Withdrawal,2023-10-28,5313,Plan card test reason very.
423,423,119,Withdrawal,2024-07-09,5302,Chance inside hold source budget usually why second.
424,424,107,Transfer,2024-04-05,8760,Ever Republican energy guy above.
425,425,189,Transfer,2023-09-20,4784,As bill his point economic free still town.
426,426,55,Transfer,2024-06-16,8164,Within late minute minute thought dream argue.
427,427,120,Deposit,2023-07-24,4980,May by development evening tonight up kitchen.
428,428,173,Deposit,2024-07-07,422,Cell high even.
429,429,144,Transfer,2024-01-20,5701,Piece shake news particular participant value information.
430,430,143,Deposit,2023-09-03,6065,Somebody center three sing form support between.
431,431,125,Deposit,2024-04-17,2806,Soon watch morning represent customer whatever.
432,432,161,Withdrawal,2024-01-05,3140,Cut movie ask knowledge only similar nor matter.
433,433,20,Deposit,2024-03-27,3390,Sport activity issue pressure sure.
434,434,35,Transfer,2024-02-06,7651,Prove media special coach.
435,435,28,Transfer,2023-12-04,2560,Relate remember know best truth concern.
436,436,162,Withdrawal,2024-03-04,4221,Space soon reflect peace successful they.
437,437,116,Transfer,2023-12-19,5667,Concern entire charge court indicate heart become learn.
438,438,192,Transfer,2023-07-27,9540,Center usually security official run month.
439,439,90,Transfer,2024-03-10,7720,Possible certain term morning source now black.
440,440,17,Deposit,2023-08-05,8453,Majority commercial particular around any by.
441,441,85,Transfer,2024-05-05,1060,Avoid break specific plan.
442,442,37,Transfer,2023-10-30,1130,Down forward adult direction human.
443,443,130,Withdrawal,2023-11-10,3079,Center process care nearly quality well be.
444,444,57,Deposit,2024-02-29,5480,School with artist song lay former second.
445,445,69,Transfer,2024-07-10,217,Should sure hard form can fire.
446,446,108,Withdrawal,2023-10-05,2989,Because ever industry share radio statement operation.
447,447,45,Transfer,2023-10-07,7644,Difference want without upon happy trouble.
448,448,96,Transfer,2023-08-29,8123,With month full might when impact.
449,449,116,Deposit,2024-06-03,5086,Alone easy sign care evening.
450,450,112,Deposit,2024-05-18,7722,Film worry report case full write person.
451,451,170,Withdrawal,2024-01-26,7609,Raise during instead worry project board fund.
452,452,38,Withdrawal,2024-06-16,3252,Design family none provide capital score clearly.
453,453,5,Deposit,2023-10-23,496,Less throw from customer director however either.
454,454,120,Withdrawal,2023-12-27,4415,Policy know policy recent.
455,455,112,Withdrawal,2024-04-25,5219,Important understand southern outside can.
456,456,8,Withdrawal,2024-03-17,5427,Role item more day tree.
457,457,152,Transfer,2024-04-27,3512,Table nice simple western billion story start.
458,458,149,Withdrawal,2024-01-25,8446,Bag give sign white medical herself really commercial.
459,459,110,Transfer,2023-10-11,3251,Set partner point break couple beat.
460,460,182,Transfer,2024-06-21,9471,Religious service order enough.
461,461,177,Deposit,2024-01-11,7282,Cold letter base perhaps unit.
462,462,12,Transfer,2023-08-08,9595,Decide result tax everyone impact agree street answer.
463,463,154,Transfer,2024-07-02,7153,Cut defense within series drive behavior any east.
464,464,26,Transfer,2024-07-04,7560,Away foreign thank less.
465,465,61,Withdrawal,2024-04-21,9204,American just tell garden model seem experience.
466,466,26,Transfer,2023-08-03,1302,Remember doctor information fire station more physical.
467,467,148,Withdrawal,2024-01-22,2415,Now identify worry market bring box.
468,468,90,Withdrawal,2024-04-12,2680,Put service admit five method.
469,469,16,Withdrawal,2024-04-01,5416,Vote lot budget interesting.
470,470,17,Transfer,2023-09-20,1000,They but popular difference pick quickly.
471,471,191,Deposit,2023-10-21,110,Easy grow organization.
472,472,177,Transfer,2024-04-13,1629,Finish country rate.
473,473,61,Withdrawal,2023-07-29,7088,Issue follow could us bar network.
474,474,125,Transfer,2024-05-07,9656,Action development figure parent rest specific let.
475,475,85,Deposit,2023-07-26,7076,Memory discover choose art budget rather there.
476,476,158,Withdrawal,2024-03-08,6524,Purpose second information paper whatever.
477,477,13,Transfer,2023-11-24,7065,Remember despite social would look chair ready.
478,478,152,Transfer,2023-11-15,4817,Democrat crime population common reach.
479,479,185,Deposit,2023-08-20,1809,Federal quite approach know manager suffer summer.
480,480,181,Withdrawal,2023-08-22,4267,Need free drive through him.
481,481,90,Withdrawal,2024-04-24,2437,Own challenge tree commercial simple quickly term.
482,482,65,Transfer,2023-07-17,1945,Able argue which article.
483,483,45,Deposit,2024-02-24,4944,Race all think exactly.
484,484,127,Transfer,2023-12-15,8555,Year himself realize increase provide red pick.
485,485,150,Transfer,2023-10-27,4496,Benefit boy sense tell matter would.
486,486,151,Withdrawal,2023-07-23,119,Positive thousand everything.
487,487,116,Deposit,2023-10-05,503,Make forget add far.
488,488,81,Deposit,2024-06-26,1261,Face have financial energy effect.
489,489,31,Withdrawal,2023-12-15,6674,Sort book home election.
490,490,16,Deposit,2023-12-23,3684,Piece note management defense physical live business.
491,491,177,Withdrawal,2024-06-21,5505,Young kid offer.
492,492,165,Withdrawal,2023-08-10,9966,Arm bring concern section.
493,493,173,Transfer,2023-10-01,8378,Pm research where card.
494,494,136,Withdrawal,2023-10-06,9433,Into nearly buy.
495,495,32,Withdrawal,2024-05-13,8264,Month some talk president analysis.
496,496,43,Withdrawal,2023-12-08,1460,Century phone story job accept here man.
497,497,154,Withdrawal,2024-04-19,7901,Base up law.
498,498,48,Transfer,2024-06-11,2477,List past relationship expect.
499,499,93,Transfer,2024-04-19,9968,Admit prepare region painting.
